Afghanistan,1,  AF
Albania,2,  AL
Algeria,3,  DZ
American Samoa,4,  AS
Andorra,5,  AD
Angola,6,  AO
Anguilla,7,  AI
Antarctica,8,  AQ
Antigua/Barbuda,9,  AG
Argentina,10,  AR
Armenia,11,  AM
Aruba,12,  AW
Australia,13,  AU
Austria,14,  AT
Azerbaijan,15,  AZ
Bahamas,16,  BS
Bahrain,17,  BH
Bangladesh,18,  BD
Barbados,19,  BB
Belarus,20,  BY
Belgium,21,  BE
Belize,22,  BZ
Benin,23,  BJ
Bermuda,24,  BM
Bhutan,25,  BT
Bolivia,26,  BO
Bosnia-Herzegovina,27,  BA
Botswana,28,  BW
Bouvet Island,29,  BV
Brazil,30,  BR
British Indian Ocean T.,31,  IO
Brunei Darussalam,32,  BN
Bulgaria,33,  BG
Burkina Faso,34,  BF
Burundi,35,  BI
Cambodia,36,  KH
Cameroon,37,  CM
Canada,38,  CA
Cape Verde,39,  CP
Cayman Islands,40,  KY
"Central African, Rep.",41,  CF
Chad,42,  TD
Chile,43,  CH
China,44,  CN
Christmas Island,45,  CX
Cocoa (Keeling) Islands,46,  CC
Colombia,47,  CO
Comoros,48,  KM
Congo,49,  CG
Cook Islands,50,  CK
Costa Rica,51,  CR
Cote Divoire,52,  CI
Croatia,53,  HR
Cuba,54,  CU
Cyprus,55,  CY
Czech Republic,56,  CZ
Denmark,57,  DK
Djibouti,58,  DI
Dominica,59,  DM
Dominican Republic,60,  DO
East Timor,61,  TP
Ecuador,62,  EC
Egypt,63,  EG
El Salvador,64,  SV
Equatorial Guinea,65,  GQ
Eritrea,66,  ER
Estonia,67,  EE
Ethiopia,68,  ET
Falkland Islands-Malvinas,69,  FK
Faroe Islands,70,  FO
Fiji,71,  FJ
Finland,72,  FI
France,73,  FR
French Guiana,74,  GF
French Polynesia,75,  PF
French Southern Ter.,76,  TF
Gabon,77,  GA
Gambia,78,  GM
Georgia,79,  GE
Germany,80,  DE
Ghana,81,  GH
Gibraltar,82,  GI
Great Britain,83,  UK
Greece,84,  GR
Greenland,85,  GL
Grenada,86,  GD
Guadeloupe,87,  GP
Guam,88,  GU
Guatemala,89,  GT
Guinea,90,  GN
Guinea-Bissau,91,  GW
Guyana,92,  GU
Haiti,93,  HT
Heard/Mc Donald Islands,94,  HM
Honduras,95,  HN
Hong Kong,96,  HK
Hungary,97,  HU
Iceland,98,  IS
India,99,  IN
Indonesia,100,  ID
Iran,101,  IR
Iraq,102,  IQ
Ireland,103,  IE
Israel,104,  IL
Italy,105,  IT
Jamaica,106,  JM
Japan,107,  JP
Jordan,108,  JO
Kazakhstan,109,  KZ
Kenya,110,  KE
Kiribati,111,  KI
"Korea, Democratic P. Rep.",112,  KP
"Korea, Republic",113,  KR
Kuwait,114,  KW
Kyrgyzstan,115,  KG
Lao P. Democratic Rep.,116,  LA
Latvia,117,  LV
Lebanon,118,  LB
Lesotho,119,  LS
Liberia,120,  LR
Libyan Arab Jamahiriya,121,  LY
Liechtenstein,122,  LI
Lithuania,123,  LT
Luxembourg,124,  LU
Macau,125,  MO
Macedonia,126,  MK
Madagascar,127,  MG
Malawi,128,  MW
Malaysia,129,  MY
Maldives,130,  MV
Mali,131,  ML
Malta,132,  MT
Marshall Islands,133,  MH
Martinique,134,  MQ
Mauritania,135,  MU
Mauritius,136,  MV
Mayotte,137,  YT
Mexico,138,  MX
Micronesia,139,  FM
Moldova,140,  MD
Monaco,141,  MC
Mongolia,142,  MN
Montserrat,143,  MS
Morocco,144,  MA
Mozambique,145,  MZ
Myanmar,146,  MM
Namibia,147,  NA
Nauru,148,  NR
Nepal,149,  NP
Netherlands,150,  NL
Netherlands Antilles,151,  AN
New Caledonia,152,  NC
New Zealand,153,  NZ
Newfoundland,154,  NF
Nicaragua,155,  NI
Niger,156,  NE
Nigeria,157,  NG
Niue,158,  NU
Norfolk Island,159,  NF
Northern Mariana Islands,160,  MP
Norway,161,  NO
Oman,162,  OM
Pakistan,163,  PK
Palau,164,  PW
Panama,165,  PA
Papua New Guinea,166,  PG
Paraguay,167,  PY
Peru,168,  PE
Philippines,169,  PH
Pitcairn,170,  PN
Poland,171,  PL
Portugal,172,  PT
Puerto Rico,173,  PR
Qatar,174,  QA
Reunion,175,  RE
Romania,176,  RO
Russia,177,  RU
Rwanda,178,  RW
S. Georgia/S. Sandwich I.,179,  GS
Saint Kitts and Nevis,180,  KN
Saint Lucia,181,  LC
Saint Vincent/Grenadines,182,  VC
Samoa,183,  WS
San Marino,184,  SM
Sao Tome and Principe,185,  ST
Saudi Arabia,186,  SA
Senegal,187,  SE
Seychelles,188,  SC
Sierra Leone,189,  SL
Singapore,190,  SG
Slovakia (Slovak Rep.),191,  SK
Slovenia,192,  SI
Solomon Islands,193,  SB
Somalia,194,  SO
South Africa,195,  ZA
Spain,196,  ES
Sri Lanka,197,  LK
St. Helena,198,  SH
St. Pierre and Miquelon,199,  PM
Sudan,200,  SD
Suriname,201,  SR
Svalbard/Jan Mayen Isl.,202,  SJ
Swaziland,203,  SZ
Sweden,204,  SE
Switzerland,205,  CH
Syrian Arab Republic,206,  SY
Taiwan,207,  TW
Tajikistan,208,  TJ
Tanzania,209,  TZ
Thailand,210,  TH
Togo,211,  TG
Tokelau,212,  TK
Tonga,213,  TO
Trinidad and Tobago,214,  TT
Tunisia,215,  TN
Turkey,216,  TR
Turkmenistan,217,  TM
Turks/Caicos Islands,218,  TC
Tuvalu,219,  TU
Uganda,220,  UG
Ukraine,221,  UA
United Arab Emirates,222,  AE
United States,223,  US
Uruguay,224,  UY
US Minor Outlying Islands,225,  UM
Uzbekistan,226,  UZ
Vanuatu,227,  VU
Vatican City,228,  VA
Venezuela,229,  VE
Viet Nam,230,  VN
Virgin Islands (British),231,  VG
Virgin Islands (U.S.),232,  VI
Wallisw/Futuna Islands,233,  WF
Western Sahara,234,  EH
Yeman,235,  YE
Yugoslavia,236,  YU
Zaire,237,  ZR
Zambia,238,  ZM
Zimbabwe,239,  ZW
Other...,0,  OT
